{
  "width": "100%",
	"height": "100%",
	"margin": 0,
	"minScale": 1,
	"maxScale": 1,
	"markdown": {
		"smartypants": true
	},
	"controls": true,
	"controlsTutorial": true,
	"controlsLayout": "bottom-right",
	"controlsBackArrows": "faded",
	"progress": true,
	"slideNumber": false,
	"hash": false,
	"history": true,
	"keyboard": true,
	"overview": true,
	"center": true,
	"touch": true,
	"loop": false,
	"rtl": false,
	"navigationMode": "default",
	"shuffle": false,
	"fragments": true,
	"fragmentInURL": false,
	"embedded": false,
	"help": true,
	"showNotes": false,
	"autoPlayMedia": null,
	"preloadIframes": null,
	"autoSlide": 0,
	"autoSlideStoppable": true,
	"defaultTiming": 120,
	"mouseWheel": false,
	"hideInactiveCursor": true,
	"hideCursorTime": 5000,
	"hideAddressBar": true,
	"previewLinks": false,
	"transition": "slide",
	"transitionSpeed": "default",
	"backgroundTransition": "fade",
	"viewDistance": 3,
	"parallaxBackgroundImage": "",
	"parallaxBackgroundSize": "",
	"parallaxBackgroundHorizontal": null,
	"parallaxBackgroundVertical": null,
	"display": "block"
}